<?xml version="1.0" encoding="utf-8" standalone="yes"?>
<channel>
	<id>elitetorrent</id>
	<name>Elite Torrent</name>

	<active>true</active>
	<adult>false</adult>
	<language>es</language>

	<fanart></fanart>
	<thumbnail>http://i.imgur.com/2MM3O7z.jpg</thumbnail>
	<bannermenu>http://media.tvalacarta.info/pelisalacarta/bannermenu/elitetorrent.png</bannermenu>

	<update_url></update_url>
	<version>3</version>
	<date>26/03/2016</date>
	<changes>Nuevos menus con listados por fecha, valoracion y popularidad, extrae torrent en vez de magnet y a�adido buscador</changes>

	<categories>
		<category>torrent</category>
		<category>movie</category>
		<category>serie</category>
		<category>documentary</category>
	</categories>

	<settings>
		<include_in_global_search>true</include_in_global_search>
	</settings>
</channel>
