<?xml version="1.0" encoding="utf-8" standalone="yes"?>
<channel>
	<id>newpct</id>
	<name>Newpct</name>

	<active>true</active>
	<adult>false</adult>
	<language>es</language>

	<fanart></fanart>
	<thumbnail>http://media.tvalacarta.info/pelisalacarta/squares/newpct.png</thumbnail>
	<bannermenu>http://media.tvalacarta.info/pelisalacarta/bannermenu/newpct.png</bannermenu>

	<update_url>https://raw.githubusercontent.com/tvalacarta/pelisalacarta/master/python/main-classic/channels/</update_url>
	<version>6</version>
	<date>11/12/2015</date>
	<changes>Cambios en la paginacion, reestructuracion de los menus y en series ahora muestra capitulos de todas las temporadas</changes>

	<categories>
		<category>movie</category>
		<category>serie</category>
		<category>documentary</category>
		<category>anime</category>
		<category>torrent</category>
	</categories>

	<settings>
		<include_in_global_search>false</include_in_global_search>
	</settings>
</channel>
