<?xml version="1.0" encoding="UTF-8" standalone="yes"?>
<addon id="plugin.video.torrentin"
  name="Torrentin"
  version="0.5.4 rc3" 
  provider-name="ciberus">
  <requires>
    <import addon="xbmc.python" version="2.1.0"/>
  </requires>
  <extension point="xbmc.python.pluginsource" provides="video" library="default.py">
    <provides>video</provides>
  </extension>
  <extension point="xbmc.addon.metadata">
    <platform>all</platform>
    <summary lang="en">Torrent player</summary>
    <description lang="en">This add-on launches android torrent/magnet video players for playing torrent videos, also includes AceStream engine client and bridge to other torrent player plugins.</description>
    <summary lang="es">Reproductor de torrent</summary>
    <description lang="es">Este add-on ejecuta aplicaciones externas de Android para reproducir videos por torrent o magnet, tambien incorpora cliente para el motor Acestream (Android/Windows/Linux) y puede enlazar con otros plugins.</description>
  </extension>
</addon>
